samples,attributes,classes,time,n_outliers,TP,FP,TN,FN,PPV,NPV,sensitivity,specificity
375,10,2,0.256843,77,10,67,289,9,12.99,96.98,52.63,81.18
375,20,2,0.448531,25,6,19,337,13,24.00,96.29,31.58,94.66
375,30,2,0.585841,50,7,43,313,12,14.00,96.31,36.84,87.92
375,40,2,0.887056,90,8,82,274,11,8.89,96.14,42.11,76.97
375,50,2,1.093674,19,1,18,338,18,5.26,94.94,5.26,94.94
375,10,3,0.152644,33,5,28,328,14,15.15,95.91,26.32,92.13
375,20,3,0.284207,82,9,73,283,10,10.98,96.59,47.37,79.49
375,30,3,0.498925,52,5,47,309,14,9.62,95.67,26.32,86.80
375,40,3,0.660029,48,5,43,313,14,10.42,95.72,26.32,87.92
375,50,3,0.738889,28,2,26,330,17,7.14,95.10,10.53,92.70
375,10,4,0.111783,48,5,43,313,14,10.42,95.72,26.32,87.92
375,20,4,0.222597,46,4,42,314,15,8.70,95.44,21.05,88.20
375,30,4,0.366115,37,4,33,323,15,10.81,95.56,21.05,90.73
375,40,4,0.543500,21,2,19,337,17,9.52,95.20,10.53,94.66
375,50,4,0.657095,50,3,47,309,16,6.00,95.08,15.79,86.80
375,10,5,0.091863,48,5,43,313,14,10.42,95.72,26.32,87.92
375,20,5,0.183370,62,7,55,301,12,11.29,96.17,36.84,84.55
375,30,5,0.325251,54,2,52,304,17,3.70,94.70,10.53,85.39
375,40,5,0.454654,39,5,34,322,14,12.82,95.83,26.32,90.45
375,50,5,0.555329,44,3,41,315,16,6.82,95.17,15.79,88.48
1250,10,2,2.309674,254,30,224,963,33,11.81,96.69,47.62,81.13
1250,20,2,4.387707,89,8,81,1106,55,8.99,95.26,12.70,93.18
1250,30,2,6.940187,135,13,122,1065,50,9.63,95.52,20.63,89.72
1250,40,2,9.212788,204,18,186,1001,45,8.82,95.70,28.57,84.33
1250,50,2,10.934088,80,8,72,1115,55,10.00,95.30,12.70,93.93
1250,60,2,13.682620,149,15,134,1053,48,10.07,95.64,23.81,88.71
1250,70,2,14.941250,204,12,192,995,51,5.88,95.12,19.05,83.82
1250,80,2,16.972208,79,10,69,1118,53,12.66,95.47,15.87,94.19
1250,90,2,21.033558,109,4,105,1082,59,3.67,94.83,6.35,91.15
1250,100,2,21.179603,138,11,127,1060,52,7.97,95.32,17.46,89.30
1250,10,3,1.583416,81,10,71,1116,53,12.35,95.47,15.87,94.02
1250,20,3,3.547484,289,20,269,918,43,6.92,95.53,31.75,77.34
1250,30,3,5.246398,199,15,184,1003,48,7.54,95.43,23.81,84.50
1250,40,3,6.889940,97,5,92,1095,58,5.15,94.97,7.94,92.25
1250,50,3,8.520739,103,9,94,1093,54,8.74,95.29,14.29,92.08
1250,60,3,10.206207,153,12,141,1046,51,7.84,95.35,19.05,88.12
1250,70,3,11.231126,104,10,94,1093,53,9.62,95.38,15.87,92.08
1250,80,3,12.947021,77,4,73,1114,59,5.19,94.97,6.35,93.85
1250,90,3,14.560293,112,5,107,1080,58,4.46,94.90,7.94,90.99
1250,100,3,17.351490,78,5,73,1114,58,6.41,95.05,7.94,93.85
1250,10,4,1.283794,153,24,129,1058,39,15.69,96.44,38.10,89.13
1250,20,4,2.559666,156,14,142,1045,49,8.97,95.52,22.22,88.04
1250,30,4,3.864943,143,12,131,1056,51,8.39,95.39,19.05,88.96
1250,40,4,5.397240,101,6,95,1092,57,5.94,95.04,9.52,92.00
1250,50,4,6.629551,237,14,223,964,49,5.91,95.16,22.22,81.21
1250,60,4,7.657093,187,15,172,1015,48,8.02,95.48,23.81,85.51
1250,70,4,9.039682,152,6,146,1041,57,3.95,94.81,9.52,87.70
1250,80,4,10.251085,110,7,103,1084,56,6.36,95.09,11.11,91.32
1250,90,4,12.723801,122,8,114,1073,55,6.56,95.12,12.70,90.40
1250,100,4,13.850470,93,6,87,1100,57,6.45,95.07,9.52,92.67
1250,10,5,1.160343,204,22,182,1005,41,10.78,96.08,34.92,84.67
1250,20,5,2.295067,208,23,185,1002,40,11.06,96.16,36.51,84.41
1250,30,5,3.466068,210,17,193,994,46,8.10,95.58,26.98,83.74
1250,40,5,4.258364,166,15,151,1036,48,9.04,95.57,23.81,87.28
1250,50,5,5.267439,193,11,182,1005,52,5.70,95.08,17.46,84.67
1250,60,5,6.450279,153,13,140,1047,50,8.50,95.44,20.63,88.21
1250,70,5,7.437605,156,17,139,1048,46,10.90,95.80,26.98,88.29
1250,80,5,8.444306,140,8,132,1055,55,5.71,95.05,12.70,88.88
1250,90,5,10.169727,105,8,97,1090,55,7.62,95.20,12.70,91.83
1250,100,5,11.715827,130,7,123,1064,56,5.38,95.00,11.11,89.64
1250,10,6,1.001405,226,26,200,987,37,11.50,96.39,41.27,83.15
1250,20,6,1.957248,270,22,248,939,41,8.15,95.82,34.92,79.11
1250,30,6,3.012700,327,26,301,886,37,7.95,95.99,41.27,74.64
1250,40,6,3.631094,272,19,253,934,44,6.99,95.50,30.16,78.69
1250,50,6,4.501515,255,14,241,946,49,5.49,95.08,22.22,79.70
1250,60,6,6.634507,265,19,246,941,44,7.17,95.53,30.16,79.28
1250,70,6,6.317858,255,22,233,954,41,8.63,95.88,34.92,80.37
1250,80,6,7.289606,216,13,203,984,50,6.02,95.16,20.63,82.90
1250,90,6,8.251596,134,6,128,1059,57,4.48,94.89,9.52,89.22
1250,100,6,9.149610,114,5,109,1078,58,4.39,94.89,7.94,90.82
1250,10,7,0.797821,231,33,198,989,30,14.29,97.06,52.38,83.32
1250,20,7,1.751133,287,23,264,923,40,8.01,95.85,36.51,77.76
1250,30,7,2.466498,363,30,333,854,33,8.26,96.28,47.62,71.95
1250,40,7,3.199234,326,22,304,883,41,6.75,95.56,34.92,74.39
1250,50,7,3.818770,167,13,154,1033,50,7.78,95.38,20.63,87.03
1250,60,7,4.860575,217,13,204,983,50,5.99,95.16,20.63,82.81
1250,70,7,5.616325,156,14,142,1045,49,8.97,95.52,22.22,88.04
1250,80,7,6.441513,156,11,145,1042,52,7.05,95.25,17.46,87.78
1250,90,7,7.324253,174,14,160,1027,49,8.05,95.45,22.22,86.52
1250,100,7,7.987791,183,6,177,1010,57,3.28,94.66,9.52,85.09
3000,10,2,12.102840,611,81,530,2320,69,13.26,97.11,54.00,81.40
3000,20,2,24.482419,215,30,185,2665,120,13.95,95.69,20.00,93.51
3000,30,2,37.500191,369,37,332,2518,113,10.03,95.71,24.67,88.35
3000,40,2,49.179817,539,51,488,2362,99,9.46,95.98,34.00,82.88
3000,50,2,67.306091,177,18,159,2691,132,10.17,95.32,12.00,94.42
3000,60,2,79.553351,310,39,271,2579,111,12.58,95.87,26.00,90.49
3000,70,2,92.073082,406,28,378,2472,122,6.90,95.30,18.67,86.74
3000,80,2,106.936949,154,17,137,2713,133,11.04,95.33,11.33,95.19
3000,90,2,110.316756,193,18,175,2675,132,9.33,95.30,12.00,93.86
3000,100,2,129.969259,307,29,278,2572,121,9.45,95.51,19.33,90.25
3000,10,3,8.989627,258,54,204,2646,96,20.93,96.50,36.00,92.84
3000,20,3,18.290534,734,56,678,2172,94,7.63,95.85,37.33,76.21
3000,30,3,27.915518,436,32,404,2446,118,7.34,95.40,21.33,85.82
3000,40,3,36.811515,288,19,269,2581,131,6.60,95.17,12.67,90.56
3000,50,3,46.395685,200,11,189,2661,139,5.50,95.04,7.33,93.37
3000,60,3,54.752762,343,21,322,2528,129,6.12,95.14,14.00,88.70
3000,70,3,65.390077,188,6,182,2668,144,3.19,94.88,4.00,93.61
3000,80,3,74.090921,167,9,158,2692,141,5.39,95.02,6.00,94.46
3000,90,3,82.486261,296,21,275,2575,129,7.09,95.23,14.00,90.35
3000,100,3,90.141983,163,4,159,2691,146,2.45,94.85,2.67,94.42
3000,10,4,7.223027,377,46,331,2519,104,12.20,96.04,30.67,88.39
3000,20,4,14.513671,401,42,359,2491,108,10.47,95.84,28.00,87.40
3000,30,4,23.947047,314,28,286,2564,122,8.92,95.46,18.67,89.96
3000,40,4,29.776465,272,18,254,2596,132,6.62,95.16,12.00,91.09
3000,50,4,36.630553,491,39,452,2398,111,7.94,95.58,26.00,84.14
3000,60,4,47.468093,482,32,450,2400,118,6.64,95.31,21.33,84.21
3000,70,4,52.122851,324,23,301,2549,127,7.10,95.25,15.33,89.44
3000,80,4,64.151721,336,21,315,2535,129,6.25,95.16,14.00,88.95
3000,90,4,69.917854,244,17,227,2623,133,6.97,95.17,11.33,92.04
3000,100,4,73.287568,191,9,182,2668,141,4.71,94.98,6.00,93.61
3000,10,5,5.961651,497,68,429,2421,82,13.68,96.72,45.33,84.95
3000,20,5,13.416172,547,45,502,2348,105,8.23,95.72,30.00,82.39
3000,30,5,19.671820,524,46,478,2372,104,8.78,95.80,30.67,83.23
3000,40,5,24.402571,503,33,470,2380,117,6.56,95.31,22.00,83.51
3000,50,5,30.259618,439,28,411,2439,122,6.38,95.24,18.67,85.58
3000,60,5,40.118090,386,25,361,2489,125,6.48,95.22,16.67,87.33
3000,70,5,45.635713,401,24,377,2473,126,5.99,95.15,16.00,86.77
3000,80,5,53.519014,317,16,301,2549,134,5.05,95.01,10.67,89.44
3000,90,5,54.982057,284,18,266,2584,132,6.34,95.14,12.00,90.67
3000,100,5,66.297102,279,14,265,2585,136,5.02,95.00,9.33,90.70
3000,10,6,5.160975,579,70,509,2341,80,12.09,96.70,46.67,82.14
3000,20,6,10.664601,639,59,580,2270,91,9.23,96.15,39.33,79.65
3000,30,6,17.129631,673,55,618,2232,95,8.17,95.92,36.67,78.32
3000,40,6,22.302509,696,46,650,2200,104,6.61,95.49,30.67,77.19
3000,50,6,26.348753,588,39,549,2301,111,6.63,95.40,26.00,80.74
3000,60,6,33.849320,562,37,525,2325,113,6.58,95.37,24.67,81.58
3000,70,6,40.307712,558,48,510,2340,102,8.60,95.82,32.00,82.11
3000,80,6,45.431162,544,29,515,2335,121,5.33,95.07,19.33,81.93
3000,90,6,51.301716,337,23,314,2536,127,6.82,95.23,15.33,88.98
3000,100,6,55.546372,300,16,284,2566,134,5.33,95.04,10.67,90.04
3000,10,7,4.694981,612,72,540,2310,78,11.76,96.73,48.00,81.05
3000,20,7,9.126773,727,62,665,2185,88,8.53,96.13,41.33,76.67
3000,30,7,14.839142,828,59,769,2081,91,7.13,95.81,39.33,73.02
3000,40,7,19.562369,787,60,727,2123,90,7.62,95.93,40.00,74.49
3000,50,7,23.453956,434,31,403,2447,119,7.14,95.36,20.67,85.86
3000,60,7,27.894412,416,33,383,2467,117,7.93,95.47,22.00,86.56
3000,70,7,34.762224,420,24,396,2454,126,5.71,95.12,16.00,86.11
3000,80,7,37.013524,473,26,447,2403,124,5.50,95.09,17.33,84.32
3000,90,7,45.232435,481,24,457,2393,126,4.99,95.00,16.00,83.96
3000,100,7,45.897622,512,33,479,2371,117,6.45,95.30,22.00,83.19
3000,10,8,4.407080,704,72,632,2218,78,10.23,96.60,48.00,77.82
3000,20,8,8.303119,815,66,749,2101,84,8.10,96.16,44.00,73.72
3000,30,8,12.224270,431,38,393,2457,112,8.82,95.64,25.33,86.21
3000,40,8,18.181822,460,45,415,2435,105,9.78,95.87,30.00,85.44
3000,50,8,22.788733,501,33,468,2382,117,6.59,95.32,22.00,83.58
3000,60,8,26.178346,562,39,523,2327,111,6.94,95.45,26.00,81.65
3000,70,8,31.551496,546,37,509,2341,113,6.78,95.40,24.67,82.14
3000,80,8,35.610096,610,44,566,2284,106,7.21,95.56,29.33,80.14
3000,90,8,36.057531,348,19,329,2521,131,5.46,95.06,12.67,88.46
3000,100,8,40.791211,357,19,338,2512,131,5.32,95.04,12.67,88.14
6000,10,2,48.271594,1288,148,1140,4560,152,11.49,96.77,49.33,80.00
6000,20,2,102.567522,389,62,327,5373,238,15.94,95.76,20.67,94.26
6000,30,2,156.083730,732,68,664,5036,232,9.29,95.60,22.67,88.35
6000,40,2,206.005477,1091,106,985,4715,194,9.72,96.05,35.33,82.72
6000,50,2,242.809681,370,44,326,5374,256,11.89,95.45,14.67,94.28
6000,60,2,314.969906,624,56,568,5132,244,8.97,95.46,18.67,90.04
6000,70,2,342.892287,784,61,723,4977,239,7.78,95.42,20.33,87.32
6000,10,3,39.185393,506,78,428,5272,222,15.42,95.96,26.00,92.49
6000,20,3,72.970602,1396,113,1283,4417,187,8.09,95.94,37.67,77.49
6000,30,3,116.838213,910,70,840,4860,230,7.69,95.48,23.33,85.26
6000,40,3,157.201987,645,45,600,5100,255,6.98,95.24,15.00,89.47
6000,50,3,181.292629,434,32,402,5298,268,7.37,95.19,10.67,92.95
6000,60,3,211.137727,699,42,657,5043,258,6.01,95.13,14.00,88.47
6000,70,3,248.826140,438,29,409,5291,271,6.62,95.13,9.67,92.82
6000,10,4,28.589314,810,112,698,5002,188,13.83,96.38,37.33,87.75
6000,20,4,62.634436,733,67,666,5034,233,9.14,95.58,22.33,88.32
6000,30,4,93.560485,635,56,579,5121,244,8.82,95.45,18.67,89.84
6000,40,4,111.706846,581,36,545,5155,264,6.20,95.13,12.00,90.44
6000,50,4,153.456813,1070,73,997,4703,227,6.82,95.40,24.33,82.51
6000,60,4,174.156918,885,52,833,4867,248,5.88,95.15,17.33,85.39
6000,70,4,219.920370,733,40,693,5007,260,5.46,95.06,13.33,87.84
6000,10,5,25.824463,1008,138,870,4830,162,13.69,96.75,46.00,84.74
6000,20,5,48.570117,1046,107,939,4761,193,10.23,96.10,35.67,83.53
6000,30,5,78.420405,1041,95,946,4754,205,9.13,95.87,31.67,83.40
6000,40,5,103.520600,911,79,832,4868,221,8.67,95.66,26.33,85.40
6000,50,5,119.403620,872,67,805,4895,233,7.68,95.46,22.33,85.88
6000,60,5,156.113316,792,57,735,4965,243,7.20,95.33,19.00,87.11
6000,70,5,166.128510,771,55,716,4984,245,7.13,95.31,18.33,87.44
6000,10,6,20.509603,1117,122,995,4705,178,10.92,96.35,40.67,82.54
6000,20,6,44.615110,1326,130,1196,4504,170,9.80,96.36,43.33,79.02
6000,30,6,61.786203,1329,108,1221,4479,192,8.13,95.89,36.00,78.58
6000,40,6,89.606040,1249,104,1145,4555,196,8.33,95.87,34.67,79.91
6000,50,6,111.645857,1272,101,1171,4529,199,7.94,95.79,33.67,79.46
6000,60,6,123.629307,1203,87,1116,4584,213,7.23,95.56,29.00,80.42
6000,70,6,154.072481,1221,83,1138,4562,217,6.80,95.46,27.67,80.04
6000,10,7,18.448060,1194,121,1073,4627,179,10.13,96.28,40.33,81.18
6000,20,7,38.579660,1566,133,1433,4267,167,8.49,96.23,44.33,74.86
6000,30,7,54.770638,1676,145,1531,4169,155,8.65,96.42,48.33,73.14
6000,40,7,77.065253,1638,123,1515,4185,177,7.51,95.94,41.00,73.42
6000,50,7,97.614452,852,74,778,4922,226,8.69,95.61,24.67,86.35
6000,60,7,110.649780,837,72,765,4935,228,8.60,95.58,24.00,86.58
6000,70,7,127.074678,903,56,847,4853,244,6.20,95.21,18.67,85.14
6000,10,8,17.234755,1410,144,1266,4434,156,10.21,96.60,48.00,77.79
6000,20,8,34.718418,1654,129,1525,4175,171,7.80,96.07,43.00,73.25
6000,30,8,49.422966,825,78,747,4953,222,9.45,95.71,26.00,86.89
6000,40,8,70.434920,1016,85,931,4769,215,8.37,95.69,28.33,83.67
6000,50,8,86.524570,1085,86,999,4701,214,7.93,95.65,28.67,82.47
6000,60,8,97.133191,1134,78,1056,4644,222,6.88,95.44,26.00,81.47
6000,70,8,113.078894,1181,91,1090,4610,209,7.71,95.66,30.33,80.88
6000,10,9,14.553103,1404,150,1254,4446,150,10.68,96.74,50.00,78.00
6000,20,9,31.274645,1766,156,1610,4090,144,8.83,96.60,52.00,71.75
6000,30,9,48.020480,903,80,823,4877,220,8.86,95.68,26.67,85.56
6000,40,9,58.167979,1129,86,1043,4657,214,7.62,95.61,28.67,81.70
6000,50,9,80.031411,1182,96,1086,4614,204,8.12,95.77,32.00,80.95
6000,60,9,85.641844,1377,98,1279,4421,202,7.12,95.63,32.67,77.56
6000,70,9,112.246908,782,60,722,4978,240,7.67,95.40,20.00,87.33
10000,10,2,126.521119,264,55,209,9291,445,20.83,95.43,11.00,97.80
10000,50,2,634.721716,957,89,868,8632,411,9.30,95.46,17.80,90.86
10000,75,2,960.334795,1897,121,1776,7724,379,6.38,95.32,24.20,81.31
10000,100,2,1272.204038,1420,102,1318,8182,398,7.18,95.36,20.40,86.13
10000,10,3,95.653613,821,129,692,8808,371,15.71,95.96,25.80,92.72
10000,50,3,478.941987,1654,88,1566,7934,412,5.32,95.06,17.60,83.52
10000,75,3,720.720876,1024,64,960,8540,436,6.25,95.14,12.80,89.89
10000,100,3,967.695388,1265,54,1211,8289,446,4.27,94.89,10.80,87.25
10000,10,5,63.194908,1652,178,1474,8026,322,10.77,96.14,35.60,84.48
10000,50,5,358.676624,1383,100,1283,8217,400,7.23,95.36,20.00,86.49
10000,75,5,475.417980,1637,110,1527,7973,390,6.72,95.34,22.00,83.93
10000,100,5,636.198150,950,58,892,8608,442,6.11,95.12,11.60,90.61
10000,10,7,46.947600,534,89,445,9055,411,16.67,95.66,17.80,95.32
10000,50,7,236.773071,1372,111,1261,8239,389,8.09,95.49,22.20,86.73
10000,75,7,355.433693,1137,89,1048,8452,411,7.83,95.36,17.80,88.97
10000,100,7,479.987526,915,60,855,8645,440,6.56,95.16,12.00,91.00
10000,10,9,37.890504,611,92,519,8981,408,15.06,95.65,18.40,94.54
10000,50,9,190.008366,1039,98,941,8559,402,9.43,95.51,19.60,90.09
10000,75,9,306.635029,1047,92,955,8545,408,8.79,95.44,18.40,89.95
10000,100,9,380.727703,967,74,893,8607,426,7.65,95.28,14.80,90.60
10000,10,11,31.622683,753,142,611,8889,358,18.86,96.13,28.40,93.57
10000,50,11,158.205331,1346,124,1222,8278,376,9.21,95.66,24.80,87.14
10000,75,11,239.608640,1455,98,1357,8143,402,6.74,95.30,19.60,85.72
10000,100,11,318.252798,1382,97,1285,8215,403,7.02,95.32,19.40,86.47
25000,10,2,788.841096,1085,383,702,23048,867,35.30,96.37,30.64,97.04
25000,50,2,3983.573553,1676,185,1491,22259,1065,11.04,95.43,14.80,93.72
25000,75,2,5961.727236,3743,297,3446,20304,953,7.93,95.52,23.76,85.49
25000,100,2,7924.053609,2522,195,2327,21423,1055,7.73,95.31,15.60,90.20
25000,10,3,591.047745,2011,304,1707,22043,946,15.12,95.88,24.32,92.81
25000,50,3,2995.019433,4072,271,3801,19949,979,6.66,95.32,21.68,84.00
25000,75,3,4475.309335,2416,119,2297,21453,1131,4.93,94.99,9.52,90.33
25000,100,3,5994.142395,3196,148,3048,20702,1102,4.63,94.95,11.84,87.17
25000,10,5,392.275795,4082,525,3557,20193,725,12.86,96.53,42.00,85.02
25000,50,5,1973.683554,3573,260,3313,20437,990,7.28,95.38,20.80,86.05
25000,75,5,2975.338303,4140,258,3882,19868,992,6.23,95.24,20.64,83.65
25000,100,5,3948.809618,2385,143,2242,21508,1107,6.00,95.11,11.44,90.56
25000,10,7,294.770591,1348,263,1085,22665,987,19.51,95.83,21.04,95.43
25000,50,7,1482.719039,3525,290,3235,20515,960,8.23,95.53,23.20,86.38
25000,75,7,2241.418892,2878,205,2673,21077,1045,7.12,95.28,16.40,88.75
25000,100,7,2969.493738,2285,158,2127,21623,1092,6.91,95.19,12.64,91.04
25000,10,9,236.453178,1636,309,1327,22423,941,18.89,95.97,24.72,94.41
25000,50,9,1180.644356,2690,239,2451,21299,1011,8.88,95.47,19.12,89.68
25000,75,9,1981.990929,2502,185,2317,21433,1065,7.39,95.27,14.80,90.24
25000,100,9,2382.163007,2433,158,2275,21475,1092,6.49,95.16,12.64,90.42
25000,10,11,197.353153,1914,341,1573,22177,909,17.82,96.06,27.28,93.38
25000,50,11,993.741472,3480,277,3203,20547,973,7.96,95.48,22.16,86.51
25000,75,11,1480.321034,3534,252,3282,20468,998,7.13,95.35,20.16,86.18
25000,100,11,1978.280369,3522,222,3300,20450,1028,6.30,95.21,17.76,86.11
